,degree,n1,n2,n1p,n2p,vec_del,delta_angle,norm,A1,A2
0,21.70000000000001,3,2,1,3,0.009888102144191628,4.106297524231195e-10,11.30654896778869,[ 6.16822815 -2.13673691  0.        ],[4.93458252 4.27347382 0.        ]
1,21.75000000000001,1,3,3,2,0.004191488759334706,4.106297524231195e-10,11.30654896778869,[4.93458252 4.27347382 0.        ],[ 6.16822815 -2.13673691  0.        ]
2,21.80000000000001,3,2,1,3,0.0015051254235209025,4.106297524231195e-10,11.30654896778869,[ 6.16822815 -2.13673691  0.        ],[4.93458252 4.27347382 0.        ]
3,21.850000000000012,1,3,3,2,0.007201739319823333,4.106297524231195e-10,11.30654896778869,[4.93458252 4.27347382 0.        ],[ 6.16822815 -2.13673691  0.        ]
