angle,v1x,v1y,v2x,v2y,angle_v1v2
14.25,31.9230327608,3.9903790951,-3.9903790951,31.9230327608,90.0
22.62,47.884549141200004,19.951895475500002,-19.951895475500002,47.884549141200004,90.0
